<?xml version="1.0" encoding="utf-8" ?>
<dwsync>
<file name="logo.jpg" server="ftp.k4k.co.uk//beginners/" local="129368683813072010" remote="129371957400000000" />
<file name="homepage-banner.jpg" server="ftp.k4k.co.uk//beginners/" local="129368683813572010" remote="129371957400000000" />
<file name="websites.jpg" server="ftp.k4k.co.uk//beginners/" local="129368683814072011" remote="129371957400000000" />
<file name="icon-facebook.gif" server="ftp.k4k.co.uk//beginners/" local="129368683814372012" remote="129371957400000000" />
<file name="icon-twitter.gif" server="ftp.k4k.co.uk//beginners/" local="129368683814272011" remote="129371957400000000" />
<file name="banner-about.jpg" server="ftp.k4k.co.uk//beginners/" local="129369696718074252" remote="129371956800000000" />
<file name="banner-contact.png" server="ftp.k4k.co.uk//beginners/" local="129369909666939433" remote="129371956800000000" />
<file name="banner-portfolio.jpg" server="ftp.k4k.co.uk//beginners/" local="129369816290095195" remote="129371956800000000" />
<file name="banner-services.png" server="ftp.k4k.co.uk//beginners/" local="129369895615181950" remote="129371956800000000" />
<file name="banner-skills.png" server="ftp.k4k.co.uk//beginners/" local="129369768834122435" remote="129371956800000000" />
<file name="contact-pen.png" server="ftp.k4k.co.uk//beginners/" local="129369916285564582" remote="129371956800000000" />
<file name="free_for_job.png" server="ftp.k4k.co.uk//beginners/" local="129369748634786577" remote="129371956800000000" />
<file name="growing_business_card.jpg" server="ftp.k4k.co.uk//beginners/" local="129369898914916717" remote="129371956800000000" />
<file name="portfolio1.jpg" server="ftp.k4k.co.uk//beginners/" local="129369793806024782" remote="129371957400000000" />
<file name="portfolio2.jpg" server="ftp.k4k.co.uk//beginners/" local="129369794066069516" remote="129371957400000000" />
<file name="portfolio3.jpg" server="ftp.k4k.co.uk//beginners/" local="129369794106111806" remote="129371957400000000" />
<file name="portfolio4.jpg" server="ftp.k4k.co.uk//beginners/" local="129369794141403825" remote="129371957400000000" />
<file name="portfolio5.jpg" server="ftp.k4k.co.uk//beginners/" local="129369794322844203" remote="129371957400000000" />
<file name="portfolio6.jpg" server="ftp.k4k.co.uk//beginners/" local="129369794899922037" remote="129371957400000000" />
<file name="portfolio7.jpg" server="ftp.k4k.co.uk//beginners/" local="129369805383996968" remote="129371957400000000" />
<file name="portfolio8.jpg" server="ftp.k4k.co.uk//beginners/" local="129369795875587505" remote="129371957400000000" />
<file name="portfolio9.jpg" server="ftp.k4k.co.uk//beginners/" local="129369795949591715" remote="129371957400000000" />
<file name="website.png" server="ftp.k4k.co.uk//beginners/" local="129369901440705526" remote="129371957400000000" />
</dwsync>